{"obp_grid": [0.2, 0.225, 0.25, 0.275, 0.3, 0.32499999999999996, 0.35, 0.375, 0.39999999999999997, 0.42499999999999993, 0.44999999999999996], "k_rate_grid": [0.1, 0.13, 0.16, 0.19, 0.22, 0.25, 0.28, 0.31, 0.33999999999999997, 0.37, 0.4], "pa_probs": [[[1.0, 1.0, 1.0, 0.48826, 0.1816, 0.05738], [1.0, 1.0, 1.0, 0.4864, 0.1796, 0.0584], [1.0, 1.0, 1.0, 0.48792, 0.18104, 0.05842], [1.0, 1.0, 1.0, 0.48656, 0.17982, 0.05664], [1.0, 1.0, 1.0, 0.4858, 0.17722, 0.05752], [1.0, 1.0, 1.0, 0.488, 0.18204, 0.05862], [1.0, 1.0, 1.0, 0.48792, 0.18016, 0.05756], [1.0, 1.0, 1.0, 0.4893, 0.1817, 0.05794], [1.0, 1.0, 1.0, 0.48774, 0.17974, 0.0573], [1.0, 1.0, 1.0, 0.48538, 0.17908, 0.05742], [1.0, 1.0, 1.0, 0.48512, 0.18218, 0.05882]], [[1.0, 1.0, 1.0, 0.53264, 0.21566, 0.07782], [1.0, 1.0, 1.0, 0.5326, 0.21696, 0.0779], [1.0, 1.0, 1.0, 0.53366, 0.22052, 0.07792], [1.0, 1.0, 1.0, 0.5359, 0.21848, 0.07748], [1.0, 1.0, 1.0, 0.53548, 0.22088, 0.0807], [1.0, 1.0, 1.0, 0.53108, 0.21928, 0.07734], [1.0, 1.0, 1.0, 0.53174, 0.2218, 0.07988], [1.0, 1.0, 1.0, 0.53512, 0.2219, 0.07932], [1.0, 1.0, 1.0, 0.53606, 0.2219, 0.07976], [1.0, 1.0, 1.0, 0.53406, 0.22192, 0.08052], [1.0, 1.0, 1.0, 0.53468, 0.22376, 0.0812]], [[1.0, 1.0, 1.0, 0.57852, 0.2616, 0.10204], [1.0, 1.0, 1.0, 0.57808, 0.2575, 0.10252], [1.0, 1.0, 1.0, 0.57896, 0.2609, 0.10216], [1.0, 1.0, 1.0, 0.5799, 0.2655, 0.10308], [1.0, 1.0, 1.0, 0.57834, 0.26324, 0.10382], [1.0, 1.0, 1.0, 0.57674, 0.26036, 0.10256], [1.0, 1.0, 1.0, 0.57544, 0.26372, 0.10496], [1.0, 1.0, 1.0, 0.57904, 0.26234, 0.10292], [1.0, 1.0, 1.0, 0.58212, 0.26604, 0.10428], [1.0, 1.0, 1.0, 0.5777, 0.25996, 0.1034], [1.0, 1.0, 1.0, 0.5792, 0.26106, 0.10256]], [[1.0, 1.0, 1.0, 0.62076, 0.30634, 0.13016], [1.0, 1.0, 1.0, 0.61322, 0.30374, 0.1322], [1.0, 1.0, 1.0, 0.61372, 0.29888, 0.12856], [1.0, 1.0, 1.0, 0.61696, 0.3031, 0.13198], [1.0, 1.0, 1.0, 0.6232, 0.30444, 0.13042], [1.0, 1.0, 1.0, 0.61614, 0.30546, 0.13096], [1.0, 1.0, 1.0, 0.61942, 0.30422, 0.13208], [1.0, 1.0, 1.0, 0.62098, 0.3048, 0.1308], [1.0, 1.0, 1.0, 0.61774, 0.30276, 0.1308], [1.0, 1.0, 1.0, 0.62012, 0.30718, 0.1351], [1.0, 1.0, 1.0, 0.61554, 0.30608, 0.1322]], [[1.0, 1.0, 1.0, 0.65556, 0.3467, 0.16228], [1.0, 1.0, 1.0, 0.65106, 0.34806, 0.16406], [1.0, 1.0, 1.0, 0.65518, 0.34912, 0.16592], [1.0, 1.0, 1.0, 0.6574, 0.3459, 0.16128], [1.0, 1.0, 1.0, 0.65394, 0.34894, 0.16372], [1.0, 1.0, 1.0, 0.65808, 0.34724, 0.16308], [1.0, 1.0, 1.0, 0.65822, 0.3513, 0.1639], [1.0, 1.0, 1.0, 0.65844, 0.3488, 0.1642], [1.0, 1.0, 1.0, 0.65712, 0.34654, 0.1643], [1.0, 1.0, 1.0, 0.6585, 0.34916, 0.1622], [1.0, 1.0, 1.0, 0.65546, 0.34724, 0.16388]], [[1.0, 1.0, 1.0, 0.69204, 0.39196, 0.1951], [1.0, 1.0, 1.0, 0.69396, 0.39462, 0.19808], [1.0, 1.0, 1.0, 0.69518, 0.394, 0.19764], [1.0, 1.0, 1.0, 0.68408, 0.38706, 0.19456], [1.0, 1.0, 1.0, 0.69362, 0.39392, 0.19886], [1.0, 1.0, 1.0, 0.69104, 0.39072, 0.19494], [1.0, 1.0, 1.0, 0.69192, 0.39118, 0.19718], [1.0, 1.0, 1.0, 0.69106, 0.39232, 0.19904], [1.0, 1.0, 1.0, 0.69192, 0.3945, 0.2009], [1.0, 1.0, 1.0, 0.6938, 0.39346, 0.19798], [1.0, 1.0, 1.0, 0.6914, 0.3932, 0.1987]], [[1.0, 1.0, 1.0, 0.72764, 0.43386, 0.23256], [1.0, 1.0, 1.0, 0.72398, 0.43452, 0.2328], [1.0, 1.0, 1.0, 0.72666, 0.43924, 0.23454], [1.0, 1.0, 1.0, 0.72676, 0.43938, 0.237], [1.0, 1.0, 1.0, 0.72514, 0.43754, 0.23558], [1.0, 1.0, 1.0, 0.72274, 0.43732, 0.23554], [1.0, 1.0, 1.0, 0.72516, 0.43704, 0.23662], [1.0, 1.0, 1.0, 0.7244, 0.4357, 0.23514], [1.0, 1.0, 1.0, 0.7234, 0.4372, 0.2355], [1.0, 1.0, 1.0, 0.72676, 0.4404, 0.23778], [1.0, 1.0, 1.0, 0.72508, 0.43848, 0.23448]], [[1.0, 1.0, 1.0, 0.75688, 0.47744, 0.27394], [1.0, 1.0, 1.0, 0.75464, 0.47972, 0.27436], [1.0, 1.0, 1.0, 0.75798, 0.4828, 0.2756], [1.0, 1.0, 1.0, 0.75506, 0.48108, 0.27658], [1.0, 1.0, 1.0, 0.75272, 0.47812, 0.27196], [1.0, 1.0, 1.0, 0.75654, 0.47796, 0.27502], [1.0, 1.0, 1.0, 0.75596, 0.47998, 0.27388], [1.0, 1.0, 1.0, 0.75268, 0.48038, 0.27316], [1.0, 1.0, 1.0, 0.7562, 0.4814, 0.27708], [1.0, 1.0, 1.0, 0.75712, 0.48062, 0.27276], [1.0, 1.0, 1.0, 0.75764, 0.4796, 0.2733]], [[1.0, 1.0, 1.0, 0.78444, 0.52278, 0.31468], [1.0, 1.0, 1.0, 0.7853, 0.5251, 0.31602], [1.0, 1.0, 1.0, 0.7874, 0.52738, 0.31786], [1.0, 1.0, 1.0, 0.78368, 0.52572, 0.31758], [1.0, 1.0, 1.0, 0.78696, 0.5266, 0.32048], [1.0, 1.0, 1.0, 0.78594, 0.52596, 0.3182], [1.0, 1.0, 1.0, 0.78758, 0.52552, 0.31702], [1.0, 1.0, 1.0, 0.78682, 0.52818, 0.32072], [1.0, 1.0, 1.0, 0.78052, 0.521, 0.31512], [1.0, 1.0, 1.0, 0.78584, 0.52644, 0.31854], [1.0, 1.0, 1.0, 0.77972, 0.52246, 0.31546]], [[1.0, 1.0, 1.0, 0.81506, 0.57142, 0.36532], [1.0, 1.0, 1.0, 0.81154, 0.5687, 0.36532], [1.0, 1.0, 1.0, 0.8096, 0.56564, 0.35966], [1.0, 1.0, 1.0, 0.81, 0.56728, 0.36154], [1.0, 1.0, 1.0, 0.8116, 0.57412, 0.36566], [1.0, 1.0, 1.0, 0.81004, 0.57002, 0.36382], [1.0, 1.0, 1.0, 0.81198, 0.57238, 0.36312], [1.0, 1.0, 1.0, 0.8083, 0.56648, 0.3605], [1.0, 1.0, 1.0, 0.81042, 0.56858, 0.3616], [1.0, 1.0, 1.0, 0.814, 0.57182, 0.36352], [1.0, 1.0, 1.0, 0.80994, 0.56864, 0.36242]], [[1.0, 1.0, 1.0, 0.83366, 0.60982, 0.4076], [1.0, 1.0, 1.0, 0.83478, 0.60772, 0.40382], [1.0, 1.0, 1.0, 0.83636, 0.61008, 0.41062], [1.0, 1.0, 1.0, 0.83234, 0.6077, 0.4076], [1.0, 1.0, 1.0, 0.8349, 0.61288, 0.40878], [1.0, 1.0, 1.0, 0.83678, 0.61246, 0.4097], [1.0, 1.0, 1.0, 0.83474, 0.61016, 0.40766], [1.0, 1.0, 1.0, 0.832, 0.60808, 0.40782], [1.0, 1.0, 1.0, 0.83344, 0.60956, 0.40708], [1.0, 1.0, 1.0, 0.83346, 0.60932, 0.40884], [1.0, 1.0, 1.0, 0.83366, 0.60816, 0.40364]]]}